train_loss,epoch,step
3.8809127807617188,93,4699
3.869654893875122,94,4749
3.9061801433563232,95,4799
3.880781888961792,96,4849
3.940425395965576,97,4899
3.9426872730255127,98,4949
3.9086806774139404,99,4999
